{"cameraMode":{"drawMode":0,"name":"Shaded","section":"Shading Mode"},"sceneLighting":true,"audioPlay":false,"sceneViewState":{"showFog":true,"showMaterialUpdate":false,"showSkybox":false,"showFlares":true,"showImageEffects":true,"showParticleSystems":true},"in2DMode":false,"pivot":{"x":-0.625732421875,"y":3.78857421875,"z":-4.89599609375},"rotation":{"x":0.21593397855758668,"y":-0.10754556208848953,"z":0.023935653269290925,"w":0.9701927304267883},"size":11.936380386352539,"orthographic":true}