{"cameraMode":{"drawMode":0,"name":"Shaded","section":"Shading Mode"},"sceneLighting":true,"audioPlay":false,"sceneViewState":{"showFog":true,"showMaterialUpdate":false,"showSkybox":false,"showFlares":true,"showImageEffects":true,"showParticleSystems":true},"in2DMode":false,"pivot":{"x":2.29931640625,"y":4.54833984375,"z":-4.3076171875},"rotation":{"x":0.25688785314559939,"y":-0.3997972905635834,"z":0.11777618527412415,"w":0.8719694018363953},"size":19.88788414001465,"orthographic":true}