{"cameraMode":{"drawMode":0,"name":"Shaded","section":"Shading Mode"},"sceneLighting":true,"audioPlay":false,"sceneViewState":{"showFog":true,"showMaterialUpdate":false,"showSkybox":false,"showFlares":true,"showImageEffects":true,"showParticleSystems":true},"in2DMode":false,"pivot":{"x":-3.181396484375,"y":2.69189453125,"z":-5.9873046875},"rotation":{"x":0.28996169567108157,"y":-0.18455782532691956,"z":0.05707637220621109,"w":0.9373639822006226},"size":18.985536575317384,"orthographic":true}